date,State,District,temperature,humidity,rainfall
13-07-2025,Andaman and Nicobar,Andaman Islands,27.83,81.05,49.46
13-07-2025,Andaman and Nicobar,Nicobar Islands,27.35,83.08,263.83
13-07-2025,Andhra Pradesh,Srikakulam,30.1,71.53,3.92
13-07-2025,Andhra Pradesh,Vishakhapatnam,30.07,72.12,1.71
13-07-2025,Andhra Pradesh,Vizianagaram,27.75,73.53,17.35
13-07-2025,Andhra Pradesh,Warangal,29.92,68.45,4.57
13-07-2025,Andhra Pradesh,West Godavari,30.4,67.92,10.94
13-07-2025,Andhra Pradesh,East Godavari,31.96,58.98,1.48
13-07-2025,Andhra Pradesh,Guntur,31.69,61.4,2.91
13-07-2025,Andhra Pradesh,Krishna,31.18,65.4,2.5
13-07-2025,Andhra Pradesh,Nellore,30.53,62.38,116.31
13-07-2025,Andhra Pradesh,Prakasam,32.18,56.3,11.78
13-07-2025,Arunachal Pradesh,Changlang,7.92,93.55,64.47
13-07-2025,Arunachal Pradesh,East Kameng,14.21,93.28,100.87
13-07-2025,Arunachal Pradesh,East Siang,14.86,86.4,42.46
13-07-2025,Arunachal Pradesh,Kurung Kumey,6.11,87.6,29.35
13-07-2025,Arunachal Pradesh,Lohit,6.48,88.1,45.33
13-07-2025,Arunachal Pradesh,Lower Dibang Valley,11.18,87.58,23.89
13-07-2025,Arunachal Pradesh,Lower Subansiri,26.09,87.72,49.47
13-07-2025,Arunachal Pradesh,Papum Pare,11.72,92.42,89.17
13-07-2025,Arunachal Pradesh,Tawang,1.43,88.33,21.51
13-07-2025,Arunachal Pradesh,Tirap,27.52,88.53,95
13-07-2025,Arunachal Pradesh,Upper Dibang Valley,3.66,85.17,18.12
13-07-2025,Arunachal Pradesh,Upper Siang,4.78,85.15,15.3
13-07-2025,Arunachal Pradesh,Upper Subansiri,4.01,87.4,15.43
13-07-2025,Arunachal Pradesh,West Kameng,-1.22,90.12,5.54
13-07-2025,Arunachal Pradesh,West Siang,13.18,83.17,15.19
13-07-2025,Assam,Barpeta,27.71,82.92,47.81
13-07-2025,Assam,Bongaigaon,27.49,83.75,50.83
13-07-2025,Assam,Cachar,26.8,88,60.01
13-07-2025,Assam,Darrang,26.59,89,91.2
13-07-2025,Assam,Dhemaji,27.27,86.83,103.01
13-07-2025,Assam,Dhuburi,28.54,79.6,68.75
13-07-2025,Assam,Dibrugarh,27.97,84.97,84.69
13-07-2025,Assam,Goalpara,28.88,77.33,36.78
13-07-2025,Assam,Golaghat,28.6,80.58,49.23
13-07-2025,Assam,Hailakandi,26.8,91.12,84.41
13-07-2025,Assam,Jorhat,28.97,79.42,42.74
13-07-2025,Assam,Kamrup,28.65,80.95,55.92
13-07-2025,Assam,Karbi Anglong,28.01,85.53,78.6
13-07-2025,Assam,Karimganj,27.26,87.42,63.38
13-07-2025,Assam,Kokrajhar,26.41,88.47,53.47
13-07-2025,Assam,Lakhimpur,28.33,85.45,68.08
13-07-2025,Assam,Marigaon,29.41,76.33,68.24
13-07-2025,Assam,Nagaon,27.98,87.62,51.9
13-07-2025,Assam,Nalbari,28.4,78.8,36.96
13-07-2025,Assam,North Cachar Hills,27.34,85.12,46.96
13-07-2025,Assam,Sibsagar,27.27,88.2,87.3
13-07-2025,Assam,Sonitpur,28.27,81.67,42.38
13-07-2025,Assam,Tinsukia,27.32,86.2,159.04
13-07-2025,Bihar,Araria,28.9,74.97,48.54
13-07-2025,Bihar,Aurangabad,29.61,70.62,83.63
13-07-2025,Bihar,Banka,29.61,74.78,89.5
13-07-2025,Bihar,Begusarai,29.01,77.45,135.06
13-07-2025,Bihar,Bhabua,30.26,67.5,57.02
13-07-2025,Bihar,Bhagalpur,29.18,76.92,110.33
13-07-2025,Bihar,Bhojpur,30.94,65.05,36.39
13-07-2025,Bihar,Buxar,30.63,65.58,45.99
13-07-2025,Bihar,Darbhanga,30.49,66.83,24.31
13-07-2025,Bihar,Gaya,29.82,69.88,60.83
13-07-2025,Bihar,Gopalganj,31.54,61.48,21.86
13-07-2025,Bihar,Jamui,29.94,72.17,138.29
13-07-2025,Bihar,Jehanabad,30.32,67.38,82.09
13-07-2025,Bihar,Katihar,29.31,75.95,66.25
13-07-2025,Bihar,Khagaria,28.84,78.38,134.51
13-07-2025,Bihar,Kishanganj,27.6,82.03,208.08
13-07-2025,Bihar,Lakhisarai,29.87,73.42,144.17
13-07-2025,Bihar,Madhepura,28.83,76.38,61.42
13-07-2025,Bihar,Madhubani,30.06,67.6,33.49
13-07-2025,Bihar,Munger,29.12,77.62,111.95
13-07-2025,Bihar,Muzaffarpur,30.53,66.62,24.93
13-07-2025,Bihar,Nalanda,30.39,68.55,71.99
13-07-2025,Bihar,Nawada,29.94,71.03,125.5
13-07-2025,Bihar,Pashchim Champaran,28.17,77.65,35.1
13-07-2025,Bihar,Patna,30.74,66.35,29
13-07-2025,Bihar,Purba Champaran,30.98,63.25,10.12
13-07-2025,Bihar,Purnia,28.71,78.1,95.84
13-07-2025,Bihar,Rohtas,30.22,67.95,61.1
13-07-2025,Bihar,Saharsa,29.26,74.35,57.44
13-07-2025,Bihar,Samastipur,29.69,72.2,53.54
13-07-2025,Bihar,Saran,31.31,63.52,25.86
13-07-2025,Bihar,Sheikhpura,29.99,72.2,156.93
13-07-2025,Bihar,Sheohar,30.69,65.95,27.97
13-07-2025,Bihar,Sitamarhi,30.31,65.8,21.29
13-07-2025,Bihar,Siwan,31.41,62.95,30.95
13-07-2025,Bihar,Supaul,28.94,73.92,41.37
13-07-2025,Bihar,Vaishali,30.78,66.45,17.53
13-07-2025,Chandigarh,Chandigarh,30.75,63,9.54
13-07-2025,Chhattisgarh,Bastar,27.04,76.12,37.65
13-07-2025,Chhattisgarh,Bilaspur,28.14,74.53,45.4
13-07-2025,Chhattisgarh,Dantewada,26.91,81.62,34.52
13-07-2025,Chhattisgarh,Dhamtari,29.16,67.97,18.89
13-07-2025,Chhattisgarh,Durg,29.48,65.58,17.29
13-07-2025,Chhattisgarh,Janjgir-Champa,28.71,71,75.14
13-07-2025,Chhattisgarh,Jashpur,22.62,84.65,58.45
13-07-2025,Chhattisgarh,Kanker,27.37,73.78,36.63
13-07-2025,Chhattisgarh,Kawardha,23.35,82.2,36.18
13-07-2025,Chhattisgarh,Korba,26.79,76.67,26.48
13-07-2025,Chhattisgarh,Koriya,25.8,83.25,53.23
13-07-2025,Chhattisgarh,Mahasamund,28.69,73,36.77
13-07-2025,Chhattisgarh,Raigarh,22.08,84,66.71
13-07-2025,Chhattisgarh,Raipur,29.6,66.95,18.46
13-07-2025,Gujarat,Amreli,28.55,75.67,7.33
13-07-2025,Gujarat,Surendranagar,31.09,60.48,3.82
13-07-2025,Gujarat,The Dangs,24.73,79.95,3.45
13-07-2025,Gujarat,Vadodara,28.29,74.83,68.13
13-07-2025,Andhra Pradesh,Adilabad,29.57,62.65,3.06
13-07-2025,Andhra Pradesh,Anantapur,28.74,56.4,15.68
13-07-2025,Andhra Pradesh,Chittoor,28.5,56.05,15.32
13-07-2025,Andhra Pradesh,Cuddapah,30.79,52.58,18.27
13-07-2025,Andhra Pradesh,Hyderabad,28.84,54.42,9.13
13-07-2025,Andhra Pradesh,Karimnagar,30.6,58,6.18
13-07-2025,Andhra Pradesh,Khammam,28.61,69.25,6.31
13-07-2025,Andhra Pradesh,Kurnool,29.58,57.15,17.43
13-07-2025,Andhra Pradesh,Mahbubnagar,28.06,58.1,4.56
13-07-2025,Gujarat,Porbandar,28.37,78.75,4.21
13-07-2025,Gujarat,Bharuch,28.31,79.67,33.49
13-07-2025,Gujarat,Bhavnagar,29.53,69.5,6.13
13-07-2025,Gujarat,Surat,28.18,81.03,33.39
13-07-2025,Gujarat,Jamnagar,29.15,76.9,4.05
13-07-2025,Gujarat,Kachchh,28.87,78.92,3.12
13-07-2025,Andhra Pradesh,Medak,29.26,53.98,4.06
13-07-2025,Andhra Pradesh,Nalgonda,28.53,56.33,16.88
13-07-2025,Andhra Pradesh,Nizamabad,29.79,56.3,2.19
13-07-2025,Andhra Pradesh,Rangareddi,27.92,57.98,12.43
13-07-2025,Gujarat,Junagadh,27.99,81.15,6.42
13-07-2025,Gujarat,Navsari,27.85,78.08,20.05
13-07-2025,Haryana,Ambala,29.42,68.75,16.33
13-07-2025,Haryana,Bhiwani,31.32,61.5,16.35
13-07-2025,Haryana,Faridabad,31.99,57.02,31.44
13-07-2025,Haryana,Fatehabad,31.82,60,11.84
13-07-2025,Haryana,Gurgaon,32.05,55.92,23.82
13-07-2025,Haryana,Yamuna Nagar,29.69,69.12,19.36
13-07-2025,Himachal Pradesh,Chamba,4.55,83.83,19.83
13-07-2025,Himachal Pradesh,Hamirpur,25.76,74.62,52.9
13-07-2025,Himachal Pradesh,Kangra,3.95,85.8,25.93
13-07-2025,Himachal Pradesh,Kinnaur,13.29,72.45,9.16
13-07-2025,Himachal Pradesh,Kullu,8.08,80.83,16.81
13-07-2025,Himachal Pradesh,Lahul and Spiti,3.29,79.67,7.56
13-07-2025,Jammu and Kashmir,Rajauri,14.35,85.72,49.53
13-07-2025,Jammu and Kashmir,Srinagar,6.46,73.78,12.68
13-07-2025,Jammu and Kashmir,Udhampur,11.52,83.2,34.07
13-07-2025,Jharkhand,Bokaro,26.68,80.83,73.09
13-07-2025,Jharkhand,Chatra,27.16,78.92,79.03
13-07-2025,Jharkhand,Deoghar,28.37,77.28,90.89
13-07-2025,Jharkhand,Dhanbad,28.38,78.92,87.57
13-07-2025,Jharkhand,Dumka,28.48,79.1,90.01
13-07-2025,Jharkhand,Garhwa,27.91,79.55,269.84
13-07-2025,Jharkhand,Giridih,28.9,76.35,119.82
13-07-2025,Gujarat,Valsad,27.82,82.03,39.28
13-07-2025,Gujarat,Anand,30.12,67.25,5.5
13-07-2025,Jharkhand,Pashchim Singhbhum,23.83,85.38,37.74
13-07-2025,Jharkhand,Purba Singhbhum,27.01,81.88,106.09
13-07-2025,Jharkhand,Ranchi,26.48,81.25,61.56
13-07-2025,Jharkhand,Sahibganj,29.28,77.3,87.07
13-07-2025,Jharkhand,Saraikela Kharsawan,27.28,80.65,65.67
13-07-2025,Jharkhand,Simdega,26.12,82.83,47.69
13-07-2025,Karnataka,Bagalkot,25.33,67.97,0.88
13-07-2025,Karnataka,Bangalore Rural,24.73,70.35,23.4
13-07-2025,Karnataka,Chamrajnagar,23.57,71.5,16.32
13-07-2025,Karnataka,Chikmagalur,22.97,77.05,3.5
13-07-2025,Karnataka,Chitradurga,26.09,66.97,8.38
13-07-2025,Karnataka,Dakshin Kannad,20.33,94.22,60
13-07-2025,Karnataka,Davanagere,25.04,71.53,6.17
13-07-2025,Karnataka,Dharwad,25.81,68.65,7.52
13-07-2025,Karnataka,Gadag,26.01,67.55,5.78
13-07-2025,Chhattisgarh,Raj Nandgaon,24.84,83.1,35.76
13-07-2025,Chhattisgarh,Surguja,26.81,79.83,194.78
13-07-2025,Dadra and Nagar Haveli,Dadra and Nagar Haveli,27.73,76.75,16.1
13-07-2025,Daman and Diu,Daman,27.81,80.28,37.5
13-07-2025,Delhi,Delhi,31.72,58.27,27.88
13-07-2025,Goa,North Goa,26.6,80.6,77.81
13-07-2025,Goa,South Goa,27.09,81.5,95.57
13-07-2025,Gujarat,Ahmadabad,30.93,60.9,4.74
13-07-2025,Gujarat,Banas Kantha,29.82,66.65,9.97
13-07-2025,Gujarat,Dahod,27.43,77.53,71.56
13-07-2025,Gujarat,Gandhinagar,29.84,64.72,24.77
13-07-2025,Gujarat,Kheda,27.56,76.92,97.5
13-07-2025,Gujarat,Mahesana,28.26,72.65,42.71
13-07-2025,Gujarat,Narmada,27.66,77.7,33.98
13-07-2025,Gujarat,Panch Mahals,27.23,77.62,75.07
13-07-2025,Gujarat,Patan,30.07,64.58,8.33
13-07-2025,Gujarat,Rajkot,30.58,68.8,0.76
13-07-2025,Gujarat,Sabar Kantha,27.36,76.38,95.75
13-07-2025,Himachal Pradesh,Mandi,16.1,84.67,39.84
13-07-2025,Himachal Pradesh,Shimla,6.34,92.92,44.45
13-07-2025,Himachal Pradesh,Sirmaur,18.76,87.75,75.12
13-07-2025,Himachal Pradesh,Solan,22.49,79.22,77.27
13-07-2025,Himachal Pradesh,Una,25.95,77.45,50.32
13-07-2025,Jammu and Kashmir,Anantnag (Kashmir South),5.11,73.53,14.39
13-07-2025,Jammu and Kashmir,Bagdam,19.5,68.25,24.46
13-07-2025,Jammu and Kashmir,Baramula (Kashmir North),16.88,76.83,27.66
13-07-2025,Jammu and Kashmir,Doda,5.11,73.53,14.39
13-07-2025,Jammu and Kashmir,Jammu,28.37,68.53,99.97
13-07-2025,Jammu and Kashmir,Kargil,6.88,70.42,10.47
13-07-2025,Jammu and Kashmir,Kathua,24.5,79.65,58.6
13-07-2025,Jammu and Kashmir,Kupwara (Muzaffarabad),19.82,76.9,25.48
13-07-2025,Jammu and Kashmir,Ladakh (Leh),6.51,50.2,1.64
13-07-2025,Jammu and Kashmir,Pulwama,9.08,78.22,17.73
13-07-2025,Jammu and Kashmir,Punch,20.2,80.25,47.73
13-07-2025,Karnataka,Uttar Kannand,26.75,83.1,122.32
13-07-2025,Kerala,Alappuzha,25.73,85.17,113.51
13-07-2025,Kerala,Ernakulam,25.62,86.03,132.17
13-07-2025,Kerala,Idukki,24.04,76.53,17.98
13-07-2025,Kerala,Kannur,25.72,85.35,125.39
13-07-2025,Kerala,Kasaragod,26.06,84.62,145.3
13-07-2025,Kerala,Kollam,24.19,88.65,83.57
13-07-2025,Karnataka,Kolar,24.23,70.8,45.03
13-07-2025,Karnataka,Koppal,26.57,63.3,2.36
13-07-2025,Karnataka,Mandya,23.52,74.3,28.43
13-07-2025,Karnataka,Mysore,23.21,75.88,15.22
13-07-2025,Karnataka,Raichur,29.51,53.95,11.34
13-07-2025,Karnataka,Shimoga,23.58,84.62,12.05
13-07-2025,Karnataka,Tumkur,25.86,65.7,6.38
13-07-2025,Karnataka,Udupi,26.01,84.45,164.48
13-07-2025,Lakshadweep,Kavaratti,27.74,80.83,37.28
13-07-2025,Madhya Pradesh,Anuppur,26.33,76.17,42.65
13-07-2025,Madhya Pradesh,Ashoknagar,26.17,81.33,26
13-07-2025,Madhya Pradesh,Balaghat,24.75,87.12,40.74
13-07-2025,Madhya Pradesh,Barwani,28.75,67.85,13.45
13-07-2025,Madhya Pradesh,Betul,24.93,83.7,23.83
13-07-2025,Madhya Pradesh,Bhind,30.89,64.5,35.23
13-07-2025,Haryana,Hisar,31.55,61.6,14.71
13-07-2025,Haryana,Jhajjar,31.66,58.4,27.12
13-07-2025,Haryana,Jind,31.86,59.9,25.11
13-07-2025,Haryana,Kaithal,31.36,62.15,41.76
13-07-2025,Haryana,Karnal,30,68.05,23.92
13-07-2025,Haryana,Kurukshetra,30.57,65.5,18.06
13-07-2025,Haryana,Mahendragarh,31.28,60.5,18.5
13-07-2025,Haryana,Panchkula,29.32,68.55,24.56
13-07-2025,Haryana,Panipat,31.34,61.45,33.12
13-07-2025,Haryana,Rewari,31.49,59.45,19.05
13-07-2025,Haryana,Rohtak,31.6,59.83,17.27
13-07-2025,Haryana,Sirsa,32.46,56.3,6.71
13-07-2025,Haryana,Sonepat,31.37,61.4,28.04
13-07-2025,Kerala,Kozhikode,25.78,84.7,108.96
13-07-2025,Kerala,Thrissur,25.27,89.15,85.61
13-07-2025,Kerala,Kottayam,25.87,84.38,128.25
13-07-2025,Madhya Pradesh,Sagar,25.9,80.83,22.05
13-07-2025,Madhya Pradesh,Satna,29.06,73.85,120.7
13-07-2025,Madhya Pradesh,Sehore,25.77,81.05,56.1
13-07-2025,Madhya Pradesh,Seoni,26.74,78.25,26
13-07-2025,Madhya Pradesh,Shahdol,26.91,81.05,79.49
13-07-2025,Madhya Pradesh,Shajapur,26.41,80.12,116.99
13-07-2025,Madhya Pradesh,Sheopur,28.96,73.45,64.43
13-07-2025,Madhya Pradesh,Shivpuri,27.71,76.1,44.74
13-07-2025,Karnataka,Gulbarga,28.56,54.52,2.7
13-07-2025,Karnataka,Hassan,24.77,66.6,5.34
13-07-2025,Karnataka,Haveri,23.92,78.97,6.5
13-07-2025,Karnataka,Kodagu,20.56,93.67,19.14
13-07-2025,Kerala,Malappuram,24.26,92.58,60.69
13-07-2025,Kerala,Palakkad,23.3,84.67,43.71
13-07-2025,Kerala,Pattanamtitta,17.68,93.35,195.48
13-07-2025,Kerala,Thiruvananthapuram,25.01,86.03,59.68
13-07-2025,Kerala,Wayanad,20.58,92.03,23.42
13-07-2025,Madhya Pradesh,Morena,30.1,67.7,43.46
13-07-2025,Madhya Pradesh,Narsinghpur,26.1,80.55,9.38
13-07-2025,Madhya Pradesh,Neemuch,25.89,77.67,89.48
13-07-2025,Madhya Pradesh,Panna,29.12,73.38,60.92
13-07-2025,Madhya Pradesh,Raisen,25.42,82.5,20.72
13-07-2025,Madhya Pradesh,Rajgarh,26.63,79,52.46
13-07-2025,Madhya Pradesh,Ratlam,26.05,79.5,82.25
13-07-2025,Madhya Pradesh,Rewa,29.02,72.58,91.07
13-07-2025,Jharkhand,Godda,29.11,76.95,95.02
13-07-2025,Jharkhand,Gumla,25.18,86.58,44.43
13-07-2025,Jharkhand,Hazaribag,27.09,80,163.14
13-07-2025,Jharkhand,Jamtara,28.29,79.28,74.73
13-07-2025,Jharkhand,Koderma,27.99,77.33,130.24
13-07-2025,Jharkhand,Latehar,26.55,83.75,48.02
13-07-2025,Jharkhand,Lohardaga,25.18,86.58,44.43
13-07-2025,Jharkhand,Pakur,28.84,79.33,58.8
13-07-2025,Jharkhand,Palamu,27.91,79.55,269.84
13-07-2025,Maharashtra,Hingoli,29.99,53.1,1.37
13-07-2025,Maharashtra,Jalgaon,28.35,65.33,4.93
13-07-2025,Maharashtra,Jalna,28.44,62,5.34
13-07-2025,Maharashtra,Kolhapur,22.69,88.22,16.87
13-07-2025,Maharashtra,Latur,29.21,54.02,3.38
13-07-2025,Maharashtra,Nagpur,25.98,81.22,39.98
13-07-2025,Maharashtra,Nanded,29.34,61.98,2.34
13-07-2025,Maharashtra,Nandurbar,26.86,73.9,13.46
13-07-2025,Karnataka,Bangalore Urban,23.65,74.85,46.97
13-07-2025,Karnataka,Belgaum,24.79,70.45,0.96
13-07-2025,Karnataka,Bellary,29.4,54.23,6.83
13-07-2025,Karnataka,Bidar,29.65,53.73,3.37
13-07-2025,Karnataka,Bijapur,28.73,56.45,2.65
13-07-2025,Madhya Pradesh,East Nimar,29.16,63,3.4
13-07-2025,Madhya Pradesh,Guna,27.08,80.12,41.63
13-07-2025,Madhya Pradesh,Gwalior,29.89,68.8,51.66
13-07-2025,Madhya Pradesh,Harda,27.47,74.9,26.51
13-07-2025,Madhya Pradesh,Hoshangabad,26.92,77.9,12.82
13-07-2025,Madhya Pradesh,Indore,25.75,76.92,36.36
13-07-2025,Madhya Pradesh,Jabalpur,25.32,80.62,22.04
13-07-2025,Madhya Pradesh,Jhabua,26.17,80.7,65.91
13-07-2025,Madhya Pradesh,Katni,26.56,79.62,38.31
13-07-2025,Madhya Pradesh,Sidhi,26.25,82.72,55.56
13-07-2025,Madhya Pradesh,Tikamgarh,28.6,74.42,52.26
13-07-2025,Madhya Pradesh,Ujjain,25.96,79.33,80.86
13-07-2025,Madhya Pradesh,Umaria,26.5,80.58,44.88
13-07-2025,Madhya Pradesh,Vidisha,24.97,84.03,24.78
13-07-2025,Madhya Pradesh,West Nimar,26.92,74.1,24.98
13-07-2025,Madhya Pradesh,Mandla,25.14,81.78,26.68
13-07-2025,Maharashtra,Ahmednagar,26.44,67.03,0.59
13-07-2025,Maharashtra,Akola,26.61,72.03,19.71
13-07-2025,Maharashtra,Amravati,26.32,74.45,14.2
13-07-2025,Maharashtra,Ratnagiri,27.1,79.35,64.07
13-07-2025,Maharashtra,Sindhudurg,27.08,82.08,94.51
13-07-2025,Maharashtra,Thane,27.73,78.15,25.9
13-07-2025,Orissa,Koraput,25.34,74.58,27.18
13-07-2025,Madhya Pradesh,Bhopal,25.84,80.72,30.13
13-07-2025,Madhya Pradesh,Burhanpur,27.97,69.35,16.54
13-07-2025,Madhya Pradesh,Chhatarpur,29.6,70.8,57.6
13-07-2025,Maharashtra,Bhandara,27.15,80.58,41.95
13-07-2025,Maharashtra,Bid,28.61,57.8,0.49
13-07-2025,Maharashtra,Buldana,26.88,69,9.83
13-07-2025,Maharashtra,Chandrapur,28.21,75.45,27.34
13-07-2025,Maharashtra,Dhule,26.61,70.08,5.09
13-07-2025,Maharashtra,Garhchiroli,27.18,74.1,18.15
13-07-2025,Maharashtra,Gondiya,27.45,79.1,47.91
13-07-2025,Maharashtra,Greater Bombay,27.74,79.58,40.12
13-07-2025,Maharashtra,Nashik,26.62,65.38,0.41
13-07-2025,Maharashtra,Osmanabad,26.35,63.73,5.24
13-07-2025,Maharashtra,Parbhani,27.98,61.58,1.72
13-07-2025,Maharashtra,Pune,18.73,85.97,7.2
13-07-2025,Maharashtra,Sangli,26.44,63.15,0.38
13-07-2025,Maharashtra,Satara,22.88,86.78,3.81
13-07-2025,Maharashtra,Solapur,27.58,60.05,0.93
13-07-2025,Maharashtra,Wardha,28.15,70.3,23.98
13-07-2025,Maharashtra,Washim,28.9,64.72,6.56
13-07-2025,Orissa,Baragarh,27.63,70.33,13.77
13-07-2025,Orissa,Bhadrak,29.18,76.3,47.12
13-07-2025,Orissa,Bolangir,29.23,71.75,24.02
13-07-2025,Orissa,Boudh,27.88,81.88,34.51
13-07-2025,Orissa,Cuttack,29.05,73.78,45.3
13-07-2025,Meghalaya,West Khasi Hills,25.59,89.42,40.41
13-07-2025,Mizoram,Aizawl,25.14,92.3,91.42
13-07-2025,Mizoram,Champhai,25.13,93.72,56.1
13-07-2025,Mizoram,Kolasib,26.43,91.92,88.76
13-07-2025,Mizoram,Lawngtlai,26.02,91.83,44.26
13-07-2025,Mizoram,Lunglei,26.27,91.7,43.96
13-07-2025,Mizoram,Mamit,26.3,91.58,52
13-07-2025,Mizoram,Saiha,24.16,94.67,55.08
13-07-2025,Mizoram,Serchhip,23.34,94.75,59.32
13-07-2025,Nagaland,Dimapur,27.17,87.3,32.5
13-07-2025,Nagaland,Kohima,20.72,88.9,54.22
13-07-2025,Nagaland,Mokokchung,27.76,88.2,73.17
13-07-2025,Nagaland,Mon,27.52,87.78,78.78
13-07-2025,Nagaland,Phek,22.72,91.42,51.37
13-07-2025,Nagaland,Tuensang,27.75,88.35,73.82
13-07-2025,Nagaland,Wokha,27.22,86.12,48.31
13-07-2025,Nagaland,Zunheboto,23.63,92.3,85.02
13-07-2025,Orissa,Angul,24.16,87.62,118.95
13-07-2025,Orissa,Baleshwar,28.86,78.5,46.29
13-07-2025,Orissa,Kendrapara,29.14,76.85,44.75
13-07-2025,Puducherry,Karaikal,29.6,62.35,22.17
13-07-2025,Puducherry,Mahe,25.79,85.38,134.74
13-07-2025,Puducherry,Puducherry,30.18,61.02,12.2
13-07-2025,Puducherry,Yanam,32.35,56.23,1.08
13-07-2025,Maharashtra,Yavatmal,29.07,66.9,7.07
13-07-2025,Orissa,Ganjam,30.08,71.62,5.3
13-07-2025,Orissa,Jagatsinghpur,29.11,78.2,30.58
13-07-2025,Orissa,Puri,29.25,77.47,29.22
13-07-2025,Tamil Nadu,Coimbatore,25.55,80.25,10.25
13-07-2025,Tamil Nadu,Cuddalore,30.42,58,12.08
13-07-2025,Tamil Nadu,Dharmapuri,24.1,70.3,37.38
13-07-2025,Tamil Nadu,Pudukkottai,29.62,58.27,12.07
13-07-2025,Tamil Nadu,Ramanathapuram,29.59,59.52,11.03
13-07-2025,Tamil Nadu,Salem,26.74,68.45,20.94
13-07-2025,Punjab,Hoshiarpur,30.99,65,41.81
13-07-2025,Punjab,Jalandhar,31.03,64.28,37.74
13-07-2025,Punjab,Kapurthala,30.87,64.92,38.43
13-07-2025,Punjab,Ludhiana,31.27,64.65,44.98
13-07-2025,Punjab,Mansa,32.11,59.52,14.12
13-07-2025,Punjab,Moga,31.47,62.3,28.1
13-07-2025,Punjab,Muktsar,33.33,53.5,5.78
13-07-2025,Punjab,Nawan Shehar,31,64.97,44.77
13-07-2025,Punjab,Patiala,30.82,62.8,9.46
13-07-2025,Punjab,Rupnagar,29.72,68.72,45.58
13-07-2025,Punjab,Sangrur,31.33,63.88,33.04
13-07-2025,Rajasthan,Ajmer,26.76,81.1,276.84
13-07-2025,Rajasthan,Alwar,31.19,59.9,18.11
13-07-2025,Rajasthan,Banswara,26.84,82.58,70.93
13-07-2025,Rajasthan,Baran,28.25,75.97,65.22
13-07-2025,Tamil Nadu,Nagapattinam,29.69,61.98,11.48
13-07-2025,Tamil Nadu,Thanjavur,28.95,68.3,13.74
13-07-2025,Tamil Nadu,Thiruvarur,28.73,71.75,21.89
13-07-2025,Tamil Nadu,Thoothukudi,30.06,55.25,1.73
13-07-2025,Tamil Nadu,Kancheepuram,30.4,60.52,18.13
13-07-2025,Madhya Pradesh,Mandsaur,27.09,78.42,165.43
13-07-2025,Manipur,Bishnupur,22.02,91.9,59.51
13-07-2025,Manipur,Chandel,21.43,93.28,41.33
13-07-2025,Manipur,Churachandpur,26.34,90.78,109.45
13-07-2025,Manipur,East Imphal,26.94,92.17,94.73
13-07-2025,Manipur,Senapati,23.93,91,62.15
13-07-2025,Manipur,Tamenglong,24.99,92.17,46.63
13-07-2025,Manipur,Thoubal,23.65,89.5,40.36
13-07-2025,Manipur,Ukhrul,25.52,90.95,57.27
13-07-2025,Manipur,West Imphal,23.08,93.22,46.48
13-07-2025,Meghalaya,East Garo Hills,28.41,81.33,92.49
13-07-2025,Meghalaya,East Khasi Hills,23.17,91.05,42.65
13-07-2025,Meghalaya,Jaintia Hills,24.29,88.83,51.27
13-07-2025,Meghalaya,Ri-Bhoi,28.13,87,73.66
13-07-2025,Meghalaya,South Garo Hills,22.78,90.1,50.97
13-07-2025,Meghalaya,West Garo Hills,28.54,79.6,68.75
13-07-2025,Rajasthan,Jaipur,28.43,73.78,46.82
13-07-2025,Rajasthan,Jaisalmer,32.04,59.08,33.1
13-07-2025,Rajasthan,Jalor,29.12,71.83,152.33
13-07-2025,Rajasthan,Jhalawar,27.21,79.78,73.81
13-07-2025,Rajasthan,Jhunjhunun,31.06,61.4,12.59
13-07-2025,Rajasthan,Jodhpur,29.28,69.08,67.56
13-07-2025,Rajasthan,Karauli,29.59,69.33,36.05
13-07-2025,Rajasthan,Kota,28.79,74.42,55.17
13-07-2025,Rajasthan,Nagaur,29.35,68.53,54.44
13-07-2025,Rajasthan,Pali,27.42,77.28,91.98
13-07-2025,Rajasthan,Rajsamand,25.74,81.1,244.97
13-07-2025,Orissa,Malkangiri,25.35,78.92,46.58
13-07-2025,Orissa,Mayurbhanj,26.79,83.75,76.28
13-07-2025,Orissa,Nabarangpur,26.23,76.78,32.92
13-07-2025,Orissa,Nayagarh,26.35,81.33,31.94
13-07-2025,Orissa,Nuapada,28.7,70.7,19.56
13-07-2025,Orissa,Rayagada,26.46,79.3,32.78
13-07-2025,Orissa,Sambalpur,26.65,82.5,55.44
13-07-2025,Orissa,Sonepur,27.63,81.65,49.27
13-07-2025,Orissa,Sundargarh,26.85,79.65,62.97
13-07-2025,Rajasthan,Sawai Madhopur,28.98,71.83,62.21
13-07-2025,Rajasthan,Sikar,30.74,62.75,19.95
13-07-2025,Rajasthan,Sirohi,29.43,69.2,135.51
13-07-2025,Rajasthan,Tonk,28.26,73.95,62.07
13-07-2025,Rajasthan,Udaipur,24.37,80.47,159.78
13-07-2025,Rajasthan,Chittaurgarh,26.63,78.12,126.01
13-07-2025,Sikkim,East,3.56,92,31.35
13-07-2025,Sikkim,North Sikkim,5.28,75.35,5.76
13-07-2025,Sikkim,South Sikkim,23.68,87.2,30.17
13-07-2025,Sikkim,West Sikkim,17.5,87.85,23.36
13-07-2025,Tamil Nadu,Ariyalur,29.73,60.85,31.41
13-07-2025,Tamil Nadu,Chennai,30.72,58.95,35.15
13-07-2025,Madhya Pradesh,Chhindwara,26.86,75.67,13
13-07-2025,Madhya Pradesh,Damoh,27.34,78.1,26.12
13-07-2025,Madhya Pradesh,Datia,30.05,68.22,80.85
13-07-2025,Madhya Pradesh,Dewas,25.97,76.47,38.48
13-07-2025,Madhya Pradesh,Dhar,25.49,79.17,51.55
13-07-2025,Madhya Pradesh,Dindori,26.01,80.05,34.81
13-07-2025,Tamil Nadu,Kanniyakumari,27.01,75.03,3.59
13-07-2025,Tamil Nadu,Thiruvallur,31.16,55.55,116.58
13-07-2025,Tamil Nadu,Tirunelveli Kattabo,28.92,61.58,1.09
13-07-2025,Tamil Nadu,Villupuram,30.27,54.05,23.8
13-07-2025,Uttar Pradesh,Mahoba,27.96,77.3,40.81
13-07-2025,Uttar Pradesh,Mainpuri,31.82,59.9,37.16
13-07-2025,Uttar Pradesh,Mathura,31.45,60.75,18.4
13-07-2025,Uttar Pradesh,Mau,31.24,62.92,31.45
13-07-2025,Uttar Pradesh,Meerut,30.18,67.97,27.45
13-07-2025,Punjab,Amritsar,31.57,63.38,30.16
13-07-2025,Punjab,Bathinda,31.94,59.9,16.27
13-07-2025,Punjab,Faridkot,32.19,58.73,15.07
13-07-2025,Punjab,Fatehgarh Sahib,31.32,62.48,29.34
13-07-2025,Punjab,Firozpur,31.73,61.67,26.87
13-07-2025,Punjab,Gurdaspur,28.55,73.2,67.2
13-07-2025,Uttar Pradesh,Jalaun,29.09,72.88,132.53
13-07-2025,Uttar Pradesh,Jaunpur,30.39,66.85,62.84
13-07-2025,Uttar Pradesh,Jhansi,29.2,72.2,127.98
13-07-2025,Uttar Pradesh,Jyotiba Phule Nagar,29.79,69.58,45.66
13-07-2025,Uttar Pradesh,Kannauj,31.88,59.85,46.97
13-07-2025,Uttar Pradesh,Kanpur,31.43,62.08,45.32
13-07-2025,Uttar Pradesh,Kanpur Dehat,31.57,61.67,60.31
13-07-2025,Uttar Pradesh,Kaushambi,30.41,68.75,70.06
13-07-2025,Uttar Pradesh,Kushinagar,30.25,68.15,19.01
13-07-2025,Uttar Pradesh,Lakhimpur Kheri,29.87,71.12,54.43
13-07-2025,Uttar Pradesh,Lalitpur,27.48,77.38,17.41
13-07-2025,Uttar Pradesh,Lucknow,30.69,65.2,45.56
13-07-2025,Tamil Nadu,Dindigul,28,62.83,35.75
13-07-2025,Tamil Nadu,Erode,28.37,61.17,15.58
13-07-2025,Tamil Nadu,Karur,27.38,69.65,38.59
13-07-2025,Tamil Nadu,Madurai,28.56,60.58,5.76
13-07-2025,Tamil Nadu,Namakkal,26.39,74.08,19.92
13-07-2025,Tamil Nadu,Nilgiris,20.89,84.12,19.29
13-07-2025,Tamil Nadu,Perambalur,29.55,59.27,13.27
13-07-2025,Uttar Pradesh,Allahabad,30.27,68.65,77.27
13-07-2025,Uttar Pradesh,Ambedkar Nagar,30.97,64.22,36.1
13-07-2025,Uttar Pradesh,Auraiya,31.59,61.38,57.9
13-07-2025,Uttar Pradesh,Azamgarh,31.29,62.62,39.1
13-07-2025,Uttar Pradesh,Badaun,31.91,59.38,23.36
13-07-2025,Uttar Pradesh,Baghpat,30.12,67.4,34.67
13-07-2025,Uttar Pradesh,Bahraich,29.75,71.22,76.99
13-07-2025,Uttar Pradesh,Ballia,31.63,60.98,21.48
13-07-2025,Uttar Pradesh,Balrampur,29.36,70.47,29.14
13-07-2025,Uttar Pradesh,Banda,30.22,68.58,51.99
13-07-2025,Uttar Pradesh,Bara Banki,31.1,63.92,41.33
13-07-2025,Uttar Pradesh,Bareilly,30.04,67.7,29.05
13-07-2025,Uttar Pradesh,Basti,30.87,65.65,53.26
13-07-2025,Uttar Pradesh,Bijnor,28.84,72.9,34.1
13-07-2025,Uttar Pradesh,Bulandshahr,30.76,64.28,24.53
13-07-2025,Uttar Pradesh,Chandauli,29.93,69.17,83.51
13-07-2025,Uttar Pradesh,Chitrakoot,30.12,68.62,45.89
13-07-2025,Uttaranchal,Bageshwar,18.62,85.92,63.32
13-07-2025,Uttaranchal,Chamoli,0.97,79.53,8.93
13-07-2025,Uttaranchal,Champawat,25.32,85.47,58.15
13-07-2025,Uttaranchal,Dehra Dun,19.79,88.42,87.4
13-07-2025,Uttaranchal,Haridwar,26.5,75.7,36.28
13-07-2025,Uttaranchal,Naini Tal,20.95,82.8,67.15
13-07-2025,Uttaranchal,Pauri Garhwal,24.81,85.25,72.38
13-07-2025,Uttaranchal,Pithoragarh,3.98,65.92,14.8
13-07-2025,Uttaranchal,Rudra Prayag,-0.02,95.67,17.87
13-07-2025,Uttaranchal,Tehri Garhwal,2.73,92.6,36.91
13-07-2025,Uttar Pradesh,Deoria,31.33,62.27,23.56
13-07-2025,Uttar Pradesh,Etah,32.2,57.62,15.72
13-07-2025,Uttar Pradesh,Etawah,31.48,61.83,50.66
13-07-2025,Uttar Pradesh,Faizabad,30.53,66.83,57.94
13-07-2025,Uttar Pradesh,Farrukhabad,32.44,57.5,30.98
13-07-2025,Uttar Pradesh,Fatehpur,30.96,65.3,68.01
13-07-2025,Uttar Pradesh,Firozabad,31.61,60.45,21.96
13-07-2025,Uttar Pradesh,Gautam Buddha Nagar,32.06,56.6,32.29
13-07-2025,Uttar Pradesh,Ghaziabad,30.7,64.2,31.62
13-07-2025,Uttar Pradesh,Ghazipur,30.94,64.85,70.04
13-07-2025,Uttar Pradesh,Gonda,30.97,65.03,41.36
13-07-2025,Uttar Pradesh,Gorakhpur,30.81,65.67,42.88
13-07-2025,Uttar Pradesh,Hardoi,31.04,64.58,32.11
13-07-2025,Uttar Pradesh,Hathras,32.07,58.2,11.71
13-07-2025,West Bengal,Haora,29.22,77.53,65.48
13-07-2025,West Bengal,North 24 Parganas,28.88,80.47,62.42
13-07-2025,West Bengal,South 24 Parganas,28.84,82.03,60.66
13-07-2025,West Bengal,East Midnapore,29.19,78.05,65.1
13-07-2025,Tripura,Dhalai,26.57,90.67,65.41
13-07-2025,Tripura,North Tripura,26.88,89.88,76.12
13-07-2025,Tripura,South Tripura,26.39,89.53,39.49
13-07-2025,Tripura,West Tripura,26.89,89.85,56.81
13-07-2025,Uttar Pradesh,Agra,31.28,61.23,18.02
13-07-2025,Uttar Pradesh,Aligarh,31.86,58.12,9.17
13-07-2025,West Bengal,Barddhaman,28.67,80.83,68.45
13-07-2025,West Bengal,Birbhum,28.78,79.15,58.28
13-07-2025,West Bengal,Dakshin Dinajpur,29.59,74.38,50.99
13-07-2025,West Bengal,Darjiling,15.54,91.7,47.6
13-07-2025,West Bengal,Hugli,28.84,80.42,75.67
13-07-2025,West Bengal,Jalpaiguri,26.28,89.75,75.67
13-07-2025,West Bengal,Kochbihar,27.74,82.42,196.66
13-07-2025,West Bengal,Kolkata,29.46,75.97,48.13
13-07-2025,West Bengal,Maldah,29.75,73.85,82.94
13-07-2025,West Bengal,Murshidabad,27.86,85.33,131.62
13-07-2025,West Bengal,Nadia,27.77,86.2,103.76
13-07-2025,West Bengal,Puruliya,29.21,75.28,61.6
13-07-2025,West Bengal,Uttar Dinajpur,29.59,74.38,50.99
13-07-2025,West Bengal,West Midnapore,28.84,78.83,84.42
13-07-2025,Uttaranchal,Udham Singh Nagar,29.24,70.72,42.14
13-07-2025,Uttaranchal,Uttarkashi,5.09,66.22,26.86
13-07-2025,West Bengal,Bankura,29.21,75.28,61.6
13-07-2025,Uttar Pradesh,Mirzapur,29.23,73.15,100.37
13-07-2025,Uttar Pradesh,Moradabad,29.6,69.92,46.07
13-07-2025,Uttar Pradesh,Muzaffarnagar,29.58,70.38,26.71
13-07-2025,Uttar Pradesh,Pilibhit,29.79,68.58,30.27
13-07-2025,Uttar Pradesh,Pratapgarh,30.18,69.38,88.61
13-07-2025,Uttar Pradesh,Rae Bareli,30.54,66.47,62.35
13-07-2025,Uttar Pradesh,Rampur,30.1,67.8,39.93
13-07-2025,Uttar Pradesh,Saharanpur,28.34,73.22,38.7
13-07-2025,Uttar Pradesh,Sant Kabir Nagar,30.66,66.72,64.47
13-07-2025,Uttar Pradesh,Sant Ravi Das Nagar,29.53,72.08,82.65
13-07-2025,Orissa,Deogarh,26.43,84.22,119.97
13-07-2025,Orissa,Dhenkanal,27.05,84.55,99.82
13-07-2025,Orissa,Gajapati,25.4,83.03,49.41
13-07-2025,Orissa,Jajpur,28.34,78.78,76.01
13-07-2025,Orissa,Jharsuguda,27.4,79.5,80.49
13-07-2025,Orissa,Kalahandi,28.72,74.6,30.67
13-07-2025,Orissa,Kandhamal,27.09,80.42,44.05
13-07-2025,Orissa,Keonjhar,25.61,86.55,103.15
13-07-2025,Orissa,Khordha,29.33,72.83,42.4
13-07-2025,Rajasthan,Barmer,29.03,67,22.68
13-07-2025,Rajasthan,Bharatpur,31.57,60.02,19.36
13-07-2025,Rajasthan,Bhilwara,26.54,79.25,217.44
13-07-2025,Rajasthan,Bikaner,31.83,58.6,14.45
13-07-2025,Rajasthan,Bundi,28.52,72.78,56.82
13-07-2025,Rajasthan,Churu,31.66,59.83,14.49
13-07-2025,Rajasthan,Dausa,30.19,66.47,26.52
13-07-2025,Rajasthan,Dhaulpur,30.55,65.4,19.49
13-07-2025,Rajasthan,Dungarpur,27.34,78.88,83.54
13-07-2025,Rajasthan,Ganganagar,33.19,53.9,10.44
13-07-2025,Rajasthan,Hanumangarh,32.37,56.73,14.79
13-07-2025,Uttar Pradesh,Maharajganj,30.3,68.12,45.16
13-07-2025,Tamil Nadu,Sivaganga,28.95,58.23,9.39
13-07-2025,Tamil Nadu,Theni,23.1,74.03,44.31
13-07-2025,Tamil Nadu,Tiruchchirappalli,27.26,70.53,18.33
13-07-2025,Tamil Nadu,Tiruvannamalai,30.56,53.35,26.96
13-07-2025,Tamil Nadu,Vellore,31.1,52.62,40.11
13-07-2025,Tamil Nadu,Virudhunagar,29.34,56.85,11.68
13-07-2025,Uttar Pradesh,Shahjahanpur,29.69,71.15,41.03
13-07-2025,Uttar Pradesh,Shravasti,29.98,70.42,80.5
13-07-2025,Uttar Pradesh,Siddharth Nagar,30.58,66.92,54.18
13-07-2025,Uttar Pradesh,Sitapur,30.7,66.2,93.21
13-07-2025,Uttar Pradesh,Sonbhadra,27.12,78.97,119.95
13-07-2025,Uttar Pradesh,Sultanpur,30.51,66.42,67.21
13-07-2025,Uttar Pradesh,Unnao,31.36,62.77,45.97
13-07-2025,Uttar Pradesh,Varanasi,29.8,69.6,83.98
13-07-2025,Uttaranchal,Almora,19.29,86.4,71.97
